time,paw_x,paw_y,paw_z,wrist_x,wrist_y,wrist_z,shoulder_x,shoulder_y,shoulder_z,elbow_x,elbow_y,elbow_z
0,0.0104791403933698,-0.00246949877913349,-0.196577363689092,0.0063804696482611,-0.00173159484555887,-0.196391977471421,-0.00164725318471349,0.0109053176284203,-0.195191449297633,-0.00269651009799255,-0.00370817702611623,-0.195958280413751
0.00666666666666667,0.0105014135564147,-0.00246767108325814,-0.196583042586496,0.00641031273208879,-0.00170693859998503,-0.19638829890703,-0.00157597346260625,0.0109064744663387,-0.19519292012566,-0.00261143259082998,-0.00366800058816354,-0.195926100804656
0.0133333333333333,0.0105224738349079,-0.00247529544760023,-0.196620766801739,0.0064622613339297,-0.00171160529949362,-0.196360295852501,-0.00149198656853323,0.0108299958070693,-0.195054457832335,-0.00253380021293868,-0.00364341401305498,-0.195872555884065
0.02,0.0105384526974805,-0.0024803592232749,-0.196622249017053,0.00648439234676928,-0.00172284889579324,-0.196331081863846,-0.0014630454314485,0.0108121904614126,-0.195161794923699,-0.00248686003276605,-0.00365868149053139,-0.195869806552678
0.0266666666666667,0.0105686848954204,-0.00247548458240979,-0.196582033279704,0.0064772152858268,-0.00172125860654492,-0.196327328863689,-0.00144207791594552,0.0108360969357268,-0.1951862695157,-0.00252498053461801,-0.00364802361245073,-0.19589434338289
0.0333333333333333,0.010563186463803,-0.0024752671986497,-0.196562203460924,0.00645449376064463,-0.00171281764116046,-0.196333350946642,-0.0014618768210038,0.0108104496684798,-0.195251158757418,-0.00257326950677994,-0.00366449407894556,-0.195890448382062
0.04,0.0105107788249624,-0.00248299347449042,-0.196606484649163,0.00643556766351411,-0.00171210670372121,-0.196336589722613,-0.00137754395675188,0.0108201402653539,-0.195229934943451,-0.002530690450964,-0.00363311456364333,-0.19579235784605
0.0466666666666667,0.0105220044966433,-0.00248861163709144,-0.19651609515082,0.00647705952497368,-0.00172184374239588,-0.196220082457521,-0.00135209490946461,0.0107605932945485,-0.195172985123506,-0.00249160669152113,-0.0036215963859486,-0.195800323770628
0.0533333333333333,0.0104925019986545,-0.00250646151426661,-0.196561726660813,0.00641693340024374,-0.00171677061564147,-0.196293291147781,-0.00127451245983801,0.0108178091186553,-0.195135220035414,-0.00248943948968905,-0.00362538223075451,-0.195792157381225
0.06,0.0105050844288441,-0.00252588033852074,-0.196543738487892,0.00645868445457163,-0.00171696069259745,-0.196248752028155,-0.00124912163850166,0.0108631439314925,-0.19511539927975,-0.00252640702360729,-0.0036053946754724,-0.195784146765414
0.0666666666666667,0.0105055456600846,-0.00252851315641929,-0.196550059710299,0.00649172545832884,-0.00171490257543915,-0.196220593269819,-0.00119752382807146,0.0108696491163201,-0.195010521327296,-0.00248089571019724,-0.00359656238828956,-0.195740265313857
0.0733333333333333,0.0105041250554014,-0.00252542166909477,-0.196531039021077,0.00649504523600527,-0.00170168217605766,-0.196227885856768,-0.00123167700756555,0.0108374763095791,-0.195054200552767,-0.00245921837825226,-0.00359541376340728,-0.195709141484684
0.08,0.0105011451921336,-0.00252455732030204,-0.19652941802373,0.00648553070719475,-0.00169083973520755,-0.19621185158387,-0.00123701157424178,0.010805902043033,-0.195047324389335,-0.00248328524046361,-0.00359054127625116,-0.195720330786441
0.0866666666666667,0.0104926010299985,-0.00253395511638153,-0.196533525610116,0.00647799065069028,-0.00170361353091425,-0.196215279506117,-0.0012485867986762,0.0108158172731308,-0.195093361779405,-0.00251695395892495,-0.00362801336924843,-0.195780799680025
0.0933333333333333,0.0104871969453476,-0.00253771904326229,-0.196525359361977,0.00644670999706941,-0.00170364103594621,-0.196240568041934,-0.00123466260902607,0.0107767702271535,-0.19505978034943,-0.00252585955756801,-0.00364082133384105,-0.195796495898287
0.1,0.0104773467299493,-0.00254016845436982,-0.19651701204753,0.00642737209150181,-0.00171158952054613,-0.196256378062096,-0.00121930087657924,0.0107580769978848,-0.195069827366557,-0.00253217280026054,-0.00363958106689047,-0.195794659763292
0.106666666666667,0.010487632448319,-0.00254816088336653,-0.196530585928858,0.00643158343541709,-0.00173052005518053,-0.196273199869351,-0.00121058338402126,0.0107356427502703,-0.195042381011879,-0.00256146451607732,-0.00363808409856644,-0.195858691384473
0.113333333333333,0.010492771693798,-0.00254755435015623,-0.196545456564805,0.00643230643684589,-0.00174704478371346,-0.196305648053483,-0.0011902775133559,0.0107294671811143,-0.19500678684405,-0.00258248270465631,-0.0036313534901799,-0.195885151577803
0.12,0.0104555904947912,-0.00253286744098246,-0.19665765123715,0.00637354253231107,-0.00173102326438536,-0.196435374820186,-0.00123682123153238,0.0106984017440762,-0.195058694690807,-0.00269674044285251,-0.0036829457624858,-0.196101401085117
0.126666666666667,0.0104565973837518,-0.0025439294337697,-0.196719205806267,0.00636409085614423,-0.00172982335053605,-0.196506151122149,-0.00130992855929776,0.0106473900877556,-0.195201352453223,-0.00278072584881175,-0.00370204388460459,-0.196220106298644
0.133333333333333,0.0104492422470858,-0.00252457361010612,-0.196736772981838,0.00636867860510368,-0.00173133279725896,-0.196566847128246,-0.0013248586948465,0.01061844765096,-0.195250027962349,-0.0028411903417833,-0.00375194981380015,-0.196191578033216
0.14,0.0104868002412835,-0.00250862016951801,-0.196705731924593,0.00641522523370343,-0.00172480179373085,-0.196540052956574,-0.00138803340246887,0.0105539067172177,-0.195368345340574,-0.00299366022740986,-0.00385700873817506,-0.196340040190679
0.146666666666667,0.0105090026097573,-0.00251545388107909,-0.196715075263846,0.00646607362745159,-0.00178901591664289,-0.196551578219833,-0.00141828913873662,0.0105468833565591,-0.195454061651056,-0.00299225297372001,-0.00389768793439315,-0.196444933605426
0.153333333333333,0.0105509726016446,-0.00251103999024882,-0.196675276325159,0.00656141399714262,-0.00182550018451419,-0.196537672027512,-0.00144451319448347,0.0105051840706272,-0.195543829532032,-0.00301339107944376,-0.00405504111354238,-0.196389013710471
0.16,0.010541620140304,-0.00247522044286952,-0.19656980489476,0.0065653240090354,-0.00186052183693717,-0.196486680943322,-0.00147742959755684,0.010493394352174,-0.19554442585995,-0.0030524555268145,-0.00397545994090028,-0.196580375346741
0.166666666666667,0.0105430432381966,-0.00245680578763132,-0.196646705547371,0.00654033737640263,-0.00185520074134406,-0.196618436212088,-0.00152415035578446,0.0104356220493799,-0.19564009772329,-0.00309193029680591,-0.00401640157981765,-0.196956696840271
0.173333333333333,0.0105557051198674,-0.00242730674118096,-0.196923489501802,0.00654522944430194,-0.00186451255988589,-0.196954281307329,-0.00144352358373868,0.0103452097336563,-0.19546271724463,-0.00302910850187167,-0.00397078647607144,-0.197165029556891
0.18,0.0106612698551323,-0.00238317055320563,-0.19704879433673,0.00672204684420485,-0.00183439350619294,-0.196971683279914,-0.00152954160242397,0.0100000997960783,-0.195718396469223,-0.00275001926846716,-0.00396941124617545,-0.197254397891598
0.186666666666667,0.0106326074890164,-0.00238499337474838,-0.197233923291602,0.00674833098071303,-0.00184132076441969,-0.197169632351899,-0.00147856664349954,0.00993995224798954,-0.195646830168635,-0.00258254427096045,-0.00384773634339392,-0.197135679809654
0.193333333333333,0.0106309422583228,-0.00237921383815254,-0.197696066658762,0.00673564836825834,-0.00192154476106274,-0.197629314424612,-0.00151924652628567,0.00979856135536592,-0.195712400456004,-0.00254257300270084,-0.0038947241214559,-0.197067595312038
0.2,0.0106152018802491,-0.002336931607943,-0.198200027084983,0.00678312225530115,-0.00190315597281075,-0.198176266496542,-0.00166416588637203,0.00947484094238221,-0.195699200987283,-0.00246819468390879,-0.003690101417433,-0.196928313429231
0.206666666666667,0.0107137063497259,-0.00230257109128938,-0.198360017288156,0.00691830745179445,-0.00194468522728171,-0.198283376671174,-0.00172078175107292,0.00925315669948767,-0.195763304080521,-0.00244518017432276,-0.00378914310391992,-0.197181693749394
0.213333333333333,0.0108067872896268,-0.00223501541208496,-0.19868109533144,0.00703184771465062,-0.00190975530180146,-0.198497529619456,-0.0018256761281368,0.00896289630349295,-0.195870885039535,-0.00249992200074434,-0.003600458588271,-0.197257755974885
0.22,0.0107771148788259,-0.00221626583085843,-0.199063682370015,0.00708506680338306,-0.00196567219901764,-0.198738633832379,-0.00187715192461252,0.00893455988441741,-0.195934660656437,-0.00240869132733304,-0.00365637420021137,-0.197430617390706
0.226666666666667,0.010833677062423,-0.00225843653384887,-0.199560352453843,0.00715991448609537,-0.00194961738376865,-0.198953170691708,-0.00192923574146253,0.0088379704210052,-0.196005387366849,-0.00255416179201977,-0.00384792886476183,-0.197536114751873
0.233333333333333,0.0110873180723595,-0.00228826521380204,-0.199848865465867,0.0074612759249209,-0.00192115883475407,-0.198950109882129,-0.00191535841835434,0.00879800076211487,-0.196099498744198,-0.00241751738441728,-0.00379249732310741,-0.197617339298124
0.24,0.0112676596639188,-0.00233427739284299,-0.200095575830142,0.00763268817300488,-0.00193440877392133,-0.199108870069743,-0.00199569098306399,0.00879643446287045,-0.196067940844878,-0.00203209388409696,-0.00349315118783813,-0.197569284198648
0.246666666666667,0.0112665333793992,-0.00245865062146466,-0.20009129615421,0.00774344751888527,-0.00188491811867204,-0.199190532078112,-0.0018543413918687,0.00880247619009076,-0.195992945456288,-0.00242892259089815,-0.00357686258197318,-0.197987258779672
0.253333333333333,0.0112507760103055,-0.00245710731030103,-0.200080652724223,0.00763715582733118,-0.00179129386193806,-0.199315743929301,-0.00170180772336707,0.00864458662831277,-0.195878826420208,-0.00255171962409945,-0.003693658686172,-0.198271521653978
0.26,0.011159002052362,-0.00226970078368394,-0.200151861594711,0.00743776643395558,-0.00154735565023026,-0.199166536441664,-0.00182100158354505,0.00868967177798385,-0.196101088678281,-0.00254258422647289,-0.00366723402819159,-0.198242024488291
0.266666666666667,0.0107976591641124,-0.00202491810332156,-0.199627180241409,0.00698411554039164,-0.00116905257001981,-0.198211358889645,-0.00199118618876919,0.00893052359140613,-0.196233433446313,-0.00257456444023916,-0.00343035256732202,-0.197816705815483
0.273333333333333,0.0104545059850848,-0.00187403304073749,-0.199103204022871,0.0066366929579298,-0.000913150848657924,-0.198038960454553,-0.00218857689744957,0.00931903072481229,-0.196458422879203,-0.00246928992511203,-0.00318811379622954,-0.197012614786013
0.28,0.0100144871632919,-0.00143976372154212,-0.197625598123002,0.00619867377273305,-0.000344456238779692,-0.196628680637454,-0.00173655146346149,0.00956353269664866,-0.195740709986623,-0.00241398516412752,-0.00327938188246529,-0.196220314003173
0.286666666666667,0.00843475138607557,0.000495888395633603,-0.193940610634554,0.00478633970417756,0.00140116864819914,-0.193636217297945,NaN,NaN,NaN,-0.00232108370067007,-0.00272604128530165,-0.194679787997597
0.293333333333333,0.0074769905051417,0.00185171972697134,-0.192860560668436,0.00387581078935075,0.00239520996603633,-0.193109972049801,NaN,NaN,NaN,-0.00217057144014849,-0.00258258112821679,-0.194009215738966
0.3,0.00749702632953991,0.00242333831125179,-0.19292267559461,0.00406287918537332,0.00258516222173666,-0.193256177386375,NaN,NaN,NaN,-0.00187765403243388,-0.00269774111421412,-0.193949139621577
0.306666666666667,0.00836244278100649,0.00213483277424151,-0.192085092790317,0.00481263400187682,0.00193513670122474,-0.192590913006588,NaN,NaN,NaN,-0.00158750841887542,-0.0029536825855986,-0.193819870975251
0.313333333333333,0.00919614737875017,0.00224846068321457,-0.191142453606783,0.00607504777263633,0.00194462712692779,-0.191327917560202,NaN,NaN,NaN,-0.000846844638900726,-0.00288045965425911,-0.192963348994372
0.32,0.00978843779180322,0.00243322747637648,-0.190536509566652,0.0067650884638361,0.00186097974117788,-0.190674916936244,-0.00214805838068126,0.0102732160209218,-0.19648845229809,-0.000276187834432951,-0.0030953467529428,-0.192216275224001
0.326666666666667,0.0110164701150821,0.00228136274031713,-0.189982122967656,0.00797628485105633,0.00175226667115486,-0.189844953598175,-0.00190329418454589,0.0100883008849152,-0.196117122213078,0.000136497488544836,-0.00281995004692839,-0.192034059528891
0.333333333333333,0.0121137414854551,0.00210784582486274,-0.190585742617971,0.00919058021317108,0.00132179956998456,-0.190315925065703,-0.00170125242069524,0.0100636737368886,-0.195963652298966,0.000578122425862278,-0.00268587918397251,-0.192528100645869
0.34,0.0133766000605045,0.0024762197226547,-0.190130273889087,0.0103323359872366,0.00171703488026331,-0.190574769814288,-0.001441301619519,0.0101594099057336,-0.195866288509188,0.00165289025115963,-0.00197596143494172,-0.192405322863842
0.346666666666667,0.014248690003659,0.00312379365831252,-0.190484443231906,0.011281411640663,0.00209022865882077,-0.190366232346109,-0.00101261675378415,0.0103396691892847,-0.19548968185518,0.00249688630802195,-0.00140391852578369,-0.191886005090352
0.353333333333333,0.0152207617406099,0.003099176849731,-0.190617622360703,0.0122724105666552,0.00206748808904813,-0.190320912818184,-0.000610079151809279,0.0103978299864084,-0.19512812800513,0.0033716117214914,-0.00118732937391148,-0.191527434982294
0.36,0.0159961279935697,0.00262788745574952,-0.191583969900521,0.0126558012816704,0.00178092506854847,-0.191537985584954,-0.000491216025176386,0.0103594921428458,-0.19483194548052,0.00382069029887648,-0.000919431934160117,-0.191368778008786
0.366666666666667,0.0164678714695661,0.00139393697521729,-0.191835734087108,0.0131037180291546,0.000975096911809855,-0.192040797171471,-0.000598616951847244,0.0103640241072192,-0.195125854419519,0.00372306172245601,-0.000880107443137374,-0.191944952713614
0.373333333333333,0.0168134378642776,0.000214725468603464,-0.193389578005209,0.0133394542984177,0.000145946250119309,-0.193585827857097,-0.000766394203467882,0.0100771751002099,-0.195446621566764,0.0037887791238646,-0.00133093281628318,-0.191929799948038
0.38,0.0172464582008347,-4.48059433086301e-05,-0.195371503327246,0.0139937047094676,-0.000224428928944127,-0.195279662593942,-0.0007150093794131,0.00966596034356743,-0.195757364949773,0.00411923655158253,-0.00144124542585569,-0.193135338355418
0.386666666666667,0.0178443503976979,0.000521008262067993,-0.196216923675258,0.0146053752413628,0.000209763170087145,-0.195272189588701,-0.000363542788241063,0.00968020891946012,-0.195210638802083,0.00509103297629784,-0.00105633509558666,-0.192389198907143
0.393333333333333,0.0180648022989046,0.000337336869197379,-0.196680602288695,0.0149215140796303,-2.6051109368052e-05,-0.195416873059838,-0.000284830175413845,0.00955166043963822,-0.195209010140598,0.00547610606365569,-0.00116813743691791,-0.19202936721662
0.4,0.0181260336471305,0.000359893510249197,-0.196814594395782,0.0149841862130297,-7.37196931106474e-06,-0.195696390255558,-0.000387696957403171,0.00942534852635688,-0.19537837018839,0.00537997789369767,-0.00124611725162057,-0.192255822583315
0.406666666666667,0.0181394373494546,0.000495279049990491,-0.196879491559623,0.0150684335068294,0.000100983880062659,-0.195886666256579,-0.000497982782424297,0.0093961662415093,-0.195588600813626,0.00537947158099791,-0.00134475413540969,-0.192509162410497
0.413333333333333,0.0179264294041316,0.000510096645004913,-0.197108816725633,0.0148679216010902,6.52875168414977e-05,-0.196029176836398,-0.000102639248433903,0.00924782438699871,-0.194918613882065,0.00517747825262354,-0.00137251982431754,-0.192684454421132
0.42,0.0178093409184898,0.000565620930878206,-0.197109527016525,0.0147581752407763,-1.50637011752038e-05,-0.195917895728722,-0.000305645341693456,0.00941966901050599,-0.195116518082762,0.0050446912562747,-0.00144407365645339,-0.192806153222175
0.426666666666667,0.0175785703052187,0.000662287583764252,-0.197481217145054,0.0146327138919453,0.000108011554411841,-0.19610267940321,-0.000428183683961227,0.00952446841082752,-0.19536123846674,0.00510333215983323,-0.00142839511605523,-0.192786867312317
0.433333333333333,0.0174704315317941,0.000750311268964385,-0.197717814244984,0.0145075878525887,0.000330753517753667,-0.196449074029494,-0.000617194496085706,0.00953651395681526,-0.195530162230624,0.00488734456503918,-0.00140195582969128,-0.193206632606847
0.44,0.0173504341670357,0.00089226349655434,-0.198030641124187,0.0144096162011778,0.00046390273332781,-0.196690694635538,-0.000444706274219507,0.00954211232159107,-0.195284052069864,0.00483414508440048,-0.00134069359306783,-0.193180222835945
0.446666666666667,0.0173573943301177,0.0010535621424443,-0.198265262180615,0.0143456473558046,0.00059065325443854,-0.197202176453491,-0.000494755371514809,0.00945588001902119,-0.19552300923454,0.00490761658262964,-0.0013948867094774,-0.193608873978244
0.453333333333333,0.0174300256214981,0.00118532168838019,-0.198252236064455,0.0144116605791673,0.000655018169572087,-0.197166026356325,-0.000396924046198989,0.00932334658235291,-0.195357745741066,0.00499219167002729,-0.00138958940869634,-0.193557191663246
0.46,0.0174701566298829,0.0013004697280291,-0.198404993078066,0.0144718918797079,0.000769568157173507,-0.19722699628581,-0.000427825253162738,0.00934116693293526,-0.195478253567388,0.00510787191124987,-0.00130909847798321,-0.193553877366645
0.466666666666667,0.0173812680717611,0.00151907695746621,-0.198503035822157,0.0144385561956655,0.000861701080412907,-0.197327187170509,-0.000368907716615533,0.00951224187666445,-0.19546473158688,0.00518116320474415,-0.00124789445351973,-0.193470077116924
0.473333333333333,0.0172109957934309,0.00179072674400566,-0.198874673833632,0.0143109181201882,0.00101359452116024,-0.197643130224836,-0.000243792297262568,0.00950294271318431,-0.195209294189245,0.00508054079534962,-0.00126915709836442,-0.193612675012276
0.48,0.0170465171340405,0.00207575581228282,-0.198921157754366,0.0141506388829317,0.00119956885599853,-0.197956362495704,-0.000164844253416379,0.00954675442763813,-0.194973202153782,0.00495701101514968,-0.00121536050632519,-0.193849189750337
0.486666666666667,0.0169021121192989,0.00228634999128914,-0.198952296017382,0.0139763491463442,0.00135978701831713,-0.198161626308991,-8.76712748778479e-05,0.00941310170437438,-0.194814529505241,0.0048976182290232,-0.00117047759798215,-0.193972972857279
0.493333333333333,0.0168222293206891,0.00244562966081258,-0.199052428539941,0.0138658944394556,0.00141410363404355,-0.198353984984028,-0.000271595351743558,0.00951628987071482,-0.19501010383204,0.00468801342789601,-0.00111384898075962,-0.194250616378265
0.5,0.0166418824164113,0.00256241805808332,-0.19930687566065,0.0136571006994141,0.00144860995368608,-0.19869543291374,-0.000467928525242927,0.00955272686302901,-0.195302164656409,0.00442921250097469,-0.00109209497068051,-0.194624213417861
0.506666666666667,0.0165683091037949,0.00268087380226749,-0.199398149976582,0.013546544751751,0.00157372090815176,-0.198953435962226,-0.000483311303848427,0.00952861128046591,-0.195383899517313,0.00442657354267166,-0.0010978010395626,-0.194764158226533
0.513333333333333,0.0165746634963191,0.00271204788499026,-0.199437895355597,0.013491371472958,0.00162111962389291,-0.199075159859384,-0.000593371580647711,0.00958459867462646,-0.195570166952557,0.00435862366939006,-0.00105327629367219,-0.19490510303112
0.52,0.0165999884315025,0.00271454295530622,-0.199480450513405,0.0135276849589483,0.00161441828333455,-0.199098519103573,-0.000599104921957902,0.00958008442940321,-0.195522857738915,0.00432971153210138,-0.0010609306488989,-0.194966929471421
0.526666666666667,0.0164901040461143,0.00282602294704164,-0.199606066410334,0.013408066133251,0.00166943212283362,-0.199180207198813,-0.000655109831512147,0.0095746959502179,-0.195278621399406,0.00431112471258109,-0.001080340227873,-0.194809711440107
0.533333333333333,0.0164348442342179,0.00281183651604962,-0.19969988289103,0.0133638794682954,0.00166851121415649,-0.19926976222099,-0.000529880030247881,0.00945599938865937,-0.195164512876582,0.00432261025571764,-0.00120089416674313,-0.194982515625157
0.54,0.0164979164529546,0.00282224139533308,-0.199553543514658,0.0133648903221456,0.00167929256410855,-0.199130409612612,-0.000587187529361626,0.00947904693556632,-0.195270446533995,0.00426830412278499,-0.001127679073033,-0.195019349593636
0.546666666666667,0.0165016838674486,0.00278106011341898,-0.199734905660897,0.0134025217806201,0.00167467893126346,-0.199178362687491,-0.000690124333546874,0.0094979484430218,-0.195433864799877,0.00437979438137237,-0.00119085491312623,-0.194910472584986
0.553333333333333,0.0165223780130687,0.00277714805246208,-0.199807210264077,0.0134329295663927,0.00171256209547364,-0.199238099475403,-0.000677140643324763,0.00949596231346998,-0.195382714888414,0.00430152448305329,-0.00114106707285892,-0.195067796356695
0.56,0.0164815237898626,0.00271465047430509,-0.199898814004469,0.0133906038017721,0.00164473043230563,-0.19936975395148,-0.000844976653067455,0.00945587089972929,-0.195513651135439,0.00431970767131883,-0.00119481280453457,-0.194998373218808
0.566666666666667,0.0165119369118629,0.00270744602912648,-0.199932064250729,0.0134476727215121,0.00163536759707878,-0.199448512835872,-0.000893498660830451,0.00944780588331127,-0.195535015456057,0.00437293041987216,-0.00127697668544226,-0.19505385275191
0.573333333333333,0.0164219576801877,0.00262828374537463,-0.200061547195308,0.0133124763567407,0.00159056769851999,-0.199539672198057,-0.000911457424258756,0.00945176645591883,-0.195476957905556,0.00427530202004182,-0.00128001322112145,-0.195101534844516
0.58,0.0163993928952442,0.0026556198093541,-0.200114950822092,0.0132685479240015,0.00160516215194124,-0.199602560168629,-0.00105208373235438,0.00938667088988147,-0.195603318397416,0.00424507444525166,-0.00132376264846113,-0.195104741245866
0.586666666666667,0.0163277073802538,0.00265522249720802,-0.200200362922415,0.0131336794607047,0.00160369921294502,-0.199504861963578,-0.00105865422261264,0.00931093460395943,-0.195523373129845,0.00420988435391768,-0.00130330249803797,-0.1949943716374
0.593333333333333,0.0163125030459288,0.00264679464087347,-0.200174256819783,0.0130806790097424,0.00159631499815315,-0.199543663328731,-0.00104508205312889,0.00936680735611149,-0.195485265182331,0.00419201033613929,-0.00131980742047401,-0.195066811571658
0.6,0.0158232586019786,0.00244851188764458,-0.20066016934942,0.0129706723619312,0.00153358011502213,-0.199355715020024,-0.00126906602884271,0.00941933690215052,-0.195678780940879,0.00393230106790529,-0.00132498797275683,-0.19505089458219
0.606666666666667,0.0155756482789437,0.00241620462948706,-0.200683862039144,0.0126898894471673,0.00149696875657747,-0.199476436783296,-0.00114822272643035,0.00952356148512704,-0.195508162988014,0.00364218252498774,-0.00124595289368271,-0.195210739632362
0.613333333333333,0.0150845631274785,0.00229020320211914,-0.201193595902509,0.0121586436375843,0.0013547075953508,-0.19999186348936,-0.000994952643549422,0.00942848042562548,-0.195489220554223,0.00337266990685987,-0.0013147209658084,-0.195451543993809
0.62,0.0146493964784709,0.00184406776226174,-0.201582072193747,0.0116775235640185,0.000986183598705498,-0.200268583075852,-0.000803146681558013,0.00938688250610831,-0.19524779316489,0.00309563855877818,-0.0015324185914146,-0.195820171493827
0.626666666666667,0.0144043934710472,0.00128735254236296,-0.199727946466673,0.0112594543857233,0.000722477516647149,-0.198184453186046,-0.00089670859368049,0.00941587675834253,-0.195179512356836,0.00279820396453451,-0.00151821583391148,-0.194914881733921
0.633333333333333,0.0129871728688289,0.000328361024909789,-0.196781907083059,0.0098528117918005,-1.52356208442863e-05,-0.195932736899508,-0.00121801283187144,0.00955391395860151,-0.195334878639045,0.00193450169411719,-0.00175330477700681,-0.193924129619905
0.64,0.0111562853965388,0.000386100309444061,-0.193088396243424,0.00778329941729412,0.000104777812068667,-0.193776822371343,-0.00163888049112269,0.00957987471073603,-0.195488330893377,-6.13273662859911e-05,-0.00238822815683473,-0.194177791762428
0.646666666666667,0.0096706619965602,0.00141923976838409,-0.1917595890895,0.00607796106056172,0.00136769488871596,-0.191781249033367,-0.00183424798226235,0.00988506698513869,-0.195890902458831,-0.00208626655045537,-0.00324906854314961,-0.194090964190775
0.653333333333333,0.00851540619925196,0.00234315684820484,-0.190845551836573,0.00518025888423497,0.00167041319114724,-0.191735015649532,-0.00136064987881134,0.010445399915078,-0.195032137963188,-0.00167098835168891,-0.00309572680688622,-0.193135202454277
0.66,0.00818203251512412,0.00202404131061748,-0.190683365491645,0.00495454211640894,0.0014909061618494,-0.191783003440176,-0.0012780678284496,0.0104905385070866,-0.194943306040386,-0.00165852338650339,-0.0031560030083598,-0.193666227940412
0.666666666666667,0.00869374010410939,0.00197700133389961,-0.18947980391413,0.00530680118987128,0.00131331838227314,-0.190978524488383,-0.0013648080813397,0.0104944426761578,-0.194937396671921,-0.00168121119770161,-0.00281157417561541,-0.194653531940146
